"mainclass_id","subcl","count_usa"
74,"044000",878
74,"60600R",700
74,"006000",649
74,"57900R",629
74,"334000",521
74,"333000",493
74,"552000",429
74,"42100R",428
74,"586000",396
74,"567000",392
74,"055000",391
74,"042000",380
74,"040000",377
74,"00700R",362
74,"405000",350
74,"390000",349
74,"017000",345
74,"56800R",345
74,"650000",345
74,"00100R",330
74,"053000",324
74,"002000",321
74,"607000",319
101,"415100",317
74,"425000",309
74,"057000",301
74,"505000",300
101,"378000",299
74,"422000",298
74,"343000",294
74,"600000",292
74,"127000",291
74,"48300R",290
74,"025000",285
74,"027000",282
74,"512000",282
74,"041000",274
101,"003100",270
74,"050000",260
74,"126000",256
74,"148000",255
74,"030000",254
74,"513000",254
74,"162000",253
74,"527000",253
74,"02200R",251
74,"582000",250
74,"721000",250
74,"355000",249
74,"569000",248
101,"401100",243
74,"410000",242
416,"013000",239
74,"110000",235
101,"032000",234
101,"369000",233
74,"519000",233
101,"035000",232
74,"491000",232
74,"57700R",231
74,"503000",230
74,"336500",229
74,"378000",228
101,"368000",227
74,"054000",225
74,"543000",225
74,"036000",224
106,"241000",224
74,"625000",224
101,"248000",222
74,"47100R",220
74,"580000",217
74,"156000",216
74,"522000",215
101,"247000",213
74,"375000",213
74,"016000",212
74,"473100",211
74,"595000",211
74,"143000",210
101,"336000",210
74,"142000",207
74,"526000",205
101,"375000",203
74,"151000",201
101,"474000",200
74,"339000",199
74,"841000",198
74,"417000",197
101,"DIG038",197
74,"018200",196
74,"377000",193
74,"482000",191
74,"57700S",189
74,"012000",188
74,"060000",187
416,"22700R",187
101,"211000",185
101,"409000",185
74,"502000",185
74,"037000",184
101,"424100",184
74,"395000",183
74,"119000",182
74,"359000",182
101,"028000",181
416,"24400R",179
101,"287000",179
74,"531000",179
74,"481000",178
101,"407100",176
106,"285000",173
74,"103000",172
101,"091000",171
101,"401200",171
74,"116000",170
74,"026000",169
74,"397000",169
101,"401300",169
101,"408000",169
74,"432000",168
106,"243000",167
101,"416100",167
74,"470000",167
74,"833000",164
416,"16800R",163
74,"603000",163
101,"381000",162
74,"423000",161
74,"445000",161
74,"485000",161
101,"364000",160
74,"548000",160
101,"133000",159
106,"228000",159
101,"096000",158
101,"110000",158
74,"056000",157
74,"100100",157
101,"111000",157
101,"395000",156
74,"436000",156
106,"036000",155
74,"460000",155
101,"066000",154
101,"129000",153
101,"232000",153
416,"237000",153
74,"594400",153
74,"128000",152
74,"609000",152
416,"176000",151
416,"19700A",149
204,"212000",148
101,"382100",148
74,"532000",148
74,"003000",147
74,"117000",147
101,"475000",147
416,"19700R",146
74,"332000",146
74,"342000",146
106,"222000",145
74,"371000",145
430,"396000",145
101,"227000",144
74,"348000",144
101,"365000",144
101,"023000",142
74,"096000",142
74,"33600R",142
101,"126000",141
74,"57900E",141
74,"370000",140
101,"425000",140
74,"565000",140
416,"119000",139
416,"19600R",139
74,"520000",139
74,"581000",139
101,"396000",138
74,"045000",137
101,"348000",137
74,"063000",136
416,"064000",136
101,"090000",136
74,"097100",135
416,"22300R",135
101,"109000",134
74,"015000",133
101,"019000",133
416,"20000R",133
74,"385000",133
74,"391000",133
101,"047000",131
74,"048000",131
74,"337000",131
74,"48400R",131
8,"094210",130
74,"604000",130
74,"108000",129
74,"364000",129
74,"538000",129
8,"917000",129
416,"007000",128
416,"014000",128
74,"563000",128
74,"102000",127
106,"270000",127
101,"417000",127
106,"203300",126
74,"499000",126
74,"013000",125
74,"553000",125
416,"008000",124
101,"114000",124
416,"118000",124
101,"379000",124
74,"557000",124
74,"018100",123
101,"020000",123
74,"105000",123
416,"17000R",123
106,"268000",123
74,"506000",123
74,"571110",123
416,"041000",122
74,"08400R",122
416,"21000R",122
101,"297000",122
74,"501600",122
74,"528000",122
74,"536000",122
74,"149000",121
106,"278000",121
74,"344000",121
74,"400000",121
416,"189000",120
74,"387000",120
74,"396000",120
416,"065000",119
74,"09900R",119
204,"266000",119
74,"551900",119
74,"564000",119
8,"918000",119
74,"010800",118
74,"109000",118
74,"324000",118
74,"346000",118
74,"596000",118
74,"014000",117
74,"325000",117
101,"350100",117
74,"537000",117
74,"157000",116
74,"169000",116
106,"219000",116
101,"226000",116
106,"284000",116
74,"42100A",116
101,"127100",115
74,"136000",115
101,"157000",115
416,"19600A",115
416,"228000",115
204,"269000",115
74,"592000",115
74,"031000",114
74,"070000",114
74,"075000",114
101,"377000",114
74,"571100",114
74,"590000",114
8,"921000",114
74,"024000",113
106,"033000",113
74,"089450",113
74,"140000",113
204,"242000",113
101,"367000",113
430,"501000",113
74,"504000",113
101,"027000",112
101,"383000",112
101,"415000",112
74,"591000",112
74,"66500R",112
74,"008000",111
416,"07000R",111
74,"462000",111
74,"086000",110
101,"180000",110
416,"243000",110
74,"081000",109
416,"16900R",109
416,"18600R",109
101,"228000",109
416,"238000",109
74,"330000",109
101,"351100",109
101,"366000",109
74,"576000",109
74,"615000",109
74,"00500R",108
101,"037000",108
416,"079000",108
74,"147000",108
416,"235000",108
74,"516000",108
8,"137000",107
74,"141000",107
416,"14600R",107
101,"212000",107
101,"213000",107
101,"220000",107
106,"311000",107
101,"420000",107
74,"500000",107
74,"535000",107
74,"842000",107
74,"111000",106
74,"144000",106
416,"175000",106
74,"363000",106
101,"398000",106
74,"518000",106
74,"547000",106
74,"578000",106
74,"593000",106
74,"005700",105
74,"059000",105
101,"131000",105
101,"413000",105
74,"6650GA",105
101,"004000",104
416,"015000",104
8,"094320",104
416,"111000",104
204,"277000",104
101,"282000",104
74,"498000",103
106,"DIG004",103
106,"038900",102
8,"094160",102
101,"128210",102
101,"181000",102
416,"23600R",102
74,"322000",102
74,"41200R",102
74,"424000",102
74,"570100",102
74,"009000",101
74,"124000",101
74,"152000",101
204,"213000",101
106,"218000",101
101,"269000",101
101,"284000",101
74,"458000",101
101,"026000",100
101,"030000",100
8,"115600",100
74,"594600",100
106,"DIG003",100
101,"041000",99
74,"051000",99
101,"132500",99
106,"272000",99
204,"273000",99
106,"280000",99
101,"352080",99
74,"354000",99
101,"384000",99
101,"400000",99
74,"420000",99
101,"057000",98
528,"165000",98
101,"207000",98
106,"271000",98
101,"301000",98
430,"301000",98
101,"335000",98
74,"372000",98
74,"561000",98
106,"009000",97
74,"032000",97
8,"111000",97
106,"277000",97
106,"282000",97
106,"432000",97
8,"495000",97
74,"074000",96
101,"095000",96
416,"20400R",96
106,"237000",96
101,"340000",96
74,"411000",96
74,"413000",96
74,"435000",96
528,"931000",96
74,"061000",95
101,"148000",95
74,"414000",95
74,"539000",95
74,"559000",95
74,"038000",94
74,"337500",94
74,"48000R",94
101,"097000",93
74,"125500",93
416,"139000",93
106,"253000",93
74,"424780",93
101,"483000",93
74,"594100",93
416,"067000",92
74,"125000",92
416,"13200R",92
101,"178000",92
106,"230000",92
74,"368000",92
74,"437000",92
74,"473240",92
74,"112000",91
416,"117000",91
416,"167000",91
101,"344000",91
74,"495000",91
74,"589000",91
74,"594200",91
74,"822000",91
430,"934000",91
74,"003540",90
416,"085000",90
106,"169010",90
416,"19800R",90
204,"278000",90
101,"491000",90
74,"745000",90
74,"834000",90
106,"038270",89
74,"043000",89
416,"076000",89
416,"21400R",89
416,"23100R",89
74,"507000",89
74,"023000",88
416,"050000",88
416,"120000",88
8,"151000",88
416,"207000",88
416,"22000R",88
74,"386000",88
74,"459500",88
74,"57700M",88
74,"594000",88
8,"650000",88
74,"010540",87
106,"226000",87
416,"240000",87
74,"357000",87
74,"598000",87
101,"DIG035",87
101,"058000",86
8,"094330",86
101,"233000",86
74,"817000",86
430,"951000",86
106,"038300",85
74,"078000",85
416,"110000",85
101,"125000",85
416,"129000",85
416,"234000",85
106,"239000",85
8,"611000",85
74,"6650GB",85
74,"001500",84
74,"047000",84
101,"103000",84
106,"227000",84
106,"245000",84
106,"252000",84
101,"401000",84
101,"419000",84
74,"440000",84
74,"493000",84
74,"502500",84
74,"566000",84
74,"587000",84
106,"010000",83
74,"067000",83
416,"121000",83
204,"274000",83
8,"436000",83
74,"473300",83
74,"608000",83
74,"029000",82
101,"044000",82
416,"074000",82
8,"094220",82
8,"094270",82
101,"170000",82
430,"496000",82
74,"51100R",82
74,"555000",82
101,"040000",81
416,"077000",81
101,"132000",81
106,"224000",81
74,"605000",81
416,"056000",80
8,"094200",80
74,"101000",80
74,"129000",80
74,"133000",80
416,"202000",80
204,"237000",80
106,"265000",80
101,"376000",80
430,"531000",80
106,"037000",79
536,"037000",79
101,"127000",79
74,"130000",79
74,"160000",79
106,"163010",79
101,"199000",79
101,"209000",79
74,"335000",79
74,"584000",79
8,"108100",78
416,"113000",78
416,"185000",78
528,"295500",78
101,"363000",78
430,"367000",78
74,"588000",78
416,"123000",77
74,"134000",77
106,"240000",77
416,"24700R",77
101,"256000",77
106,"281100",77
101,"288000",77
74,"323000",77
74,"443000",77
74,"469000",77
416,"009000",76
74,"021000",76
101,"031100",76
74,"089200",76
101,"128400",76
204,"164000",76
204,"258000",76
430,"302000",76
74,"384000",76
430,"394000",76
8,"402000",76
74,"533000",76
74,"556000",76
74,"810100",76
101,"048000",75
101,"113000",75
416,"13200B",75
416,"194000",75
106,"221000",75
106,"231000",75
204,"263000",75
101,"318000",75
74,"347000",75
74,"575000",75
74,"66500H",75
204,"671000",75
74,"087000",74
101,"115000",74
416,"116000",74
101,"216000",74
106,"220000",74
204,"234000",74
101,"316000",74
416,"108000",73
101,"116000",73
106,"263000",73
74,"560000",73
74,"574200",73
74,"66500T",73
106,"031660",72
74,"052000",72
416,"100000",72
8,"112000",72
8,"138000",72
101,"490000",72
74,"572400",72
74,"66500K",72
416,"112000",71
101,"118000",71
106,"122000",71
8,"142000",71
8,"150500",71
74,"155000",71
106,"204010",71
101,"224000",71
204,"248000",71
106,"275000",71
101,"374000",71
74,"416000",71
74,"478000",71
74,"545000",71
74,"661000",71
416,"060000",70
101,"083000",70
74,"089220",70
416,"140000",70
416,"142000",70
106,"162500",70
204,"281000",70
101,"414000",70
74,"424700",70
74,"517000",70
74,"664000",70
106,"008000",69
101,"043000",69
536,"076000",69
416,"083000",69
101,"102000",69
74,"131000",69
106,"156510",69
101,"219000",69
101,"338000",69
101,"351300",69
74,"379000",69
74,"616000",69
101,"065000",68
74,"089170",68
101,"094000",68
416,"122000",68
74,"150000",68
416,"222000",68
416,"242000",68
101,"250000",68
101,"283000",68
74,"351000",68
74,"365000",68
74,"404500",68
101,"411000",68
106,"421000",68
74,"467000",68
74,"523000",68
74,"583000",68
416,"052000",67
8,"125000",67
430,"140000",67
74,"141500",67
74,"164000",67
106,"169430",67
74,"015860",66
106,"035000",66
74,"049000",66
101,"069000",66
101,"123000",66
101,"179000",66
416,"19300R",66
416,"19700B",66
74,"473330",66
74,"005220",65
106,"018000",65
101,"031000",65
74,"039000",65
536,"069000",65
416,"078000",65
536,"101000",65
204,"203000",65
106,"235000",65
416,"24100R",65
204,"247000",65
101,"350300",65
101,"402000",65
101,"404000",65
101,"464000",65
74,"466000",65
74,"551100",65
74,"562000",65
204,"563000",65
101,"012000",64
416,"061000",64
74,"089130",64
106,"123110",64
416,"128000",64
106,"164600",64
416,"174000",64
74,"366000",64
8,"598000",64
74,"81300R",64
416,"059000",63
8,"094180",63
74,"118000",63
106,"134100",63
204,"238000",63
204,"250000",63
204,"293000",63
74,"529000",63
106,"626000",63
74,"003560",62
536,"056000",62
74,"064000",62
101,"088000",62
74,"107000",62
74,"132000",62
106,"171100",62
528,"259000",62
101,"333000",62
430,"370000",62
74,"551200",62
74,"602000",62
8,"919000",62
106,"007000",61
74,"017500",61
536,"035000",61
536,"038000",61
416,"054000",61
416,"073000",61
416,"075000",61
74,"089380",61
106,"169270",61
416,"21900R",61
106,"225000",61
416,"22700A",61
106,"238000",61
106,"248000",61
74,"358000",61
74,"449000",61
74,"724000",61
8,"094150",60
8,"119000",60
416,"136000",60
416,"173000",60
101,"240000",60
106,"249000",60
204,"257000",60
101,"272000",60
101,"352070",60
101,"391000",60
74,"448000",60
74,"525000",60
74,"81300L",60
74,"832000",60
416,"011000",59
74,"015880",59
101,"024000",59
416,"032000",59
74,"077000",59
8,"107000",59
416,"135000",59
416,"195000",59
416,"21200R",59
416,"22000A",59
74,"352000",59
74,"640000",59
106,"011000",58
536,"065000",58
416,"071000",58
8,"140000",58
74,"145000",58
101,"154000",58
106,"164100",58
101,"201000",58
416,"22900R",58
430,"357000",58
101,"370000",58
101,"401500",58
74,"424790",58
74,"524000",58
74,"544000",58
74,"597000",58
74,"612000",58
74,"613000",58
74,"66500S",58
74,"01000R",57
416,"016000",57
74,"089180",57
416,"091000",57
528,"155000",57
101,"174000",57
416,"178000",57
416,"205000",57
204,"225000",57
106,"250000",57
106,"310000",57
74,"439000",57
74,"447000",57
74,"486000",57
8,"518000",57
74,"570200",57
106,"038510",56
416,"086000",56
8,"139000",56
528,"147000",56
106,"205900",56
101,"208000",56
101,"334000",56
74,"361000",56
101,"390000",56
74,"509000",56
74,"530000",56
74,"015660",55
101,"093000",55
101,"147000",55
416,"163000",55
101,"175000",55
204,"235000",55
106,"273100",55
101,"291000",55
528,"308000",55
74,"321000",55
74,"345000",55
74,"401000",55
106,"436000",55
8,"443000",55
74,"521000",55
8,"626000",55
101,"009000",54
101,"022000",54
106,"038200",54
74,"089120",54
101,"093460",54
101,"152000",54
106,"169250",54
101,"182000",54
416,"184000",54
101,"204000",54
106,"205010",54
416,"218000",54
101,"221000",54
101,"231000",54
430,"307000",54
430,"310000",54
101,"329000",54
101,"394000",54
74,"510000",54
74,"514000",54
74,"551400",54
106,"712000",54
101,"042000",53
106,"148100",53
106,"164010",53
204,"222000",53
204,"268000",53
101,"279000",53
74,"360000",53
101,"389000",53
74,"427000",53
74,"461000",53
74,"490150",53
74,"551000",53
101,"DIG031",53
536,"002000",52
106,"005000",52
101,"006000",52
416,"006000",52
416,"010000",52
101,"056000",52
74,"079000",52
74,"089110",52
416,"09000A",52
8,"094170",52
8,"102000",52
8,"120000",52
101,"124000",52
416,"126000",52
8,"131000",52
106,"152100",52
74,"159000",52
106,"169370",52
101,"286000",52
101,"292000",52
204,"294000",52
430,"309000",52
74,"341000",52
101,"385000",52
74,"51500R",52
8,"116100",51
74,"158000",51
74,"166000",51
106,"169150",51
106,"169510",51
416,"179000",51
416,"211000",51
204,"230500",51
204,"240000",51
101,"298000",51
74,"376000",51
74,"380000",51
74,"404000",51
101,"422000",51
74,"487000",51
8,"623000",51
416,"072000",50
416,"188000",50
101,"236000",50
106,"287230",50
204,"288000",50
74,"381000",50
101,"405000",50
74,"473230",50
74,"502600",50
101,"005000",49
74,"00700C",49
101,"033000",49
101,"038100",49
101,"049000",49
416,"069000",49
74,"088000",49
74,"089190",49
8,"094260",49
8,"133000",49
416,"152000",49
106,"169560",49
101,"183000",49
204,"220000",49
416,"224000",49
528,"232000",49
106,"260000",49
106,"287350",49
74,"329000",49
74,"393000",49
101,"401600",49
74,"522500",49
74,"585000",49
8,"635000",49
8,"657000",49
106,"780000",49
101,"DIG042",49
106,"006000",48
106,"012000",48
106,"013000",48
106,"034000",48
106,"038000",48
416,"055000",48
536,"064000",48
74,"069000",48
416,"124000",48
528,"129000",48
106,"137100",48
8,"139100",48
106,"203100",48
204,"216000",48
101,"217000",48
101,"285000",48
106,"287240",48
74,"331000",48
74,"353000",48
101,"387000",48
74,"402000",48
74,"496000",48
74,"546000",48
8,"649000",48
106,"687000",48
430,"005000",47
101,"053000",47
536,"060000",47
74,"066000",47
416,"066000",47
416,"09000R",47
416,"09300R",47
8,"094110",47
74,"098000",47
74,"137000",47
416,"144000",47
74,"154000",47
416,"166000",47
106,"170210",47
204,"210000",47
528,"212000",47
106,"217010",47
204,"239000",47
106,"244000",47
106,"246000",47
106,"269000",47
106,"286500",47
204,"295000",47
101,"347000",47
74,"383000",47
101,"406000",47
74,"424500",47
74,"425500",47
74,"441000",47
101,"467000",47
74,"497000",47
8,"524000",47
534,"581000",47
106,"737000",47
106,"795000",47
74,"831000",47
74,"015840",46
101,"017000",46
74,"058000",46
416,"058000",46
74,"089230",46
101,"093440",46
74,"104000",46
74,"146000",46
528,"158500",46
106,"162100",46
74,"167000",46
416,"215000",46
204,"221000",46
416,"24400A",46
106,"254000",46
204,"276000",46
101,"278000",46
106,"287260",46
101,"337000",46
106,"425000",46
106,"449000",46
74,"473160",46
74,"558000",46
74,"570300",46
8,"653000",46
106,"793000",46
74,"840000",46
74,"010520",45
101,"025000",45
101,"036000",45
101,"099000",45
8,"156000",45
74,"168000",45
416,"181000",45
416,"183000",45
101,"218000",45
101,"234000",45
204,"245000",45
101,"349100",45
101,"388000",45
106,"420000",45
74,"424600",45
74,"473210",45
74,"542000",45
74,"550000",45
74,"617000",45
106,"649000",45
204,"670000",45
528,"001000",44
74,"010700",44
74,"015400",44
416,"017000",44
74,"033000",44
8,"09410R",44
101,"120000",44
101,"128000",44
416,"131000",44
106,"156100",44
106,"169340",44
101,"171000",44
416,"171000",44
416,"182000",44
204,"202000",44
106,"205710",44
204,"22400R",44
416,"24500R",44
74,"318000",44
101,"357000",44
101,"373000",44
8,"478000",44
528,"499000",44
106,"782000",44
101,"002000",43
74,"020000",43
74,"071000",43
8,"115000",43
101,"128100",43
74,"153000",43
106,"156200",43
106,"157100",43
101,"169000",43
106,"169180",43
106,"170310",43
416,"20100R",43
204,"252000",43
528,"269000",43
204,"275100",43
430,"356000",43
101,"358000",43
74,"399000",43
74,"426000",43
8,"625000",43
106,"645000",43
74,"66500Q",43
74,"829000",43
74,"838000",43
74,"015630",42
416,"068000",42
536,"071000",42
101,"077000",42
536,"082000",42
74,"114000",42
416,"133000",42
106,"169260",42
416,"199000",42
416,"21300R",42
106,"234000",42
106,"279000",42
101,"356000",42
101,"466000",42
74,"574400",42
74,"594300",42
106,"625000",42
74,"003500",41
106,"014390",41
74,"034000",41
416,"081000",41
106,"124600",41
416,"147000",41
528,"156000",41
204,"179000",41
106,"232000",41
101,"246000",41
106,"276000",41
430,"306000",41
74,"320000",41
101,"341000",41
74,"350000",41
74,"374000",41
74,"424750",41
74,"490000",41
106,"613000",41
8,"618000",41
8,"646000",41
74,"670000",41
74,"820000",41
416,"005000",40
106,"031860",40
416,"063000",40
416,"080000",40
8,"09419R",40
8,"118000",40
8,"130100",40
101,"153000",40
416,"159000",40
106,"164510",40
106,"170580",40
106,"215200",40
204,"236000",40
416,"23600A",40
416,"246000",40
101,"319000",40
74,"340000",40
101,"345000",40
101,"355000",40
101,"360000",40
101,"399000",40
74,"488000",40
74,"500500",40
8,"529000",40
74,"570210",40
74,"599000",40
74,"66500B",40
106,"685000",40
106,"688000",40
74,"816000",40
101,"008000",39
74,"010850",39
101,"011000",39
416,"012000",39
106,"038220",39
74,"046000",39
8,"094290",39
8,"117000",39
101,"119000",39
106,"168010",39
106,"169230",39
106,"170500",39
416,"172000",39
101,"176000",39
101,"203100",39
416,"232000",39
416,"233000",39
106,"259000",39
101,"274000",39
101,"423000",39
106,"423000",39
74,"490140",39
106,"600000",39
106,"614000",39
106,"617000",39
8,"629000",39
106,"650000",39
8,"666000",39
430,"006000",38
106,"016000",38
106,"032500",38
74,"062000",38
101,"072000",38
74,"073000",38
101,"093360",38
74,"138000",38
106,"147100",38
416,"151000",38
528,"153000",38
8,"155100",38
106,"157200",38
101,"165000",38
101,"185000",38
106,"206100",38
106,"217900",38
101,"239000",38
204,"260000",38
106,"262000",38
106,"274000",38
101,"311000",38
101,"393000",38
74,"398000",38
74,"434000",38
528,"501000",38
106,"504000",38
8,"617000",38
106,"674000",38
106,"004000",37
74,"00700E",37
416,"02000R",37
416,"087000",37
101,"093450",37
536,"100000",37
74,"113000",37
106,"126100",37
8,"155000",37
101,"158000",37
106,"167010",37
106,"170160",37
106,"170270",37
416,"177000",37
416,"203000",37
101,"235000",37
204,"297160",37
101,"352010",37
101,"424200",37
8,"523000",37
74,"534000",37
430,"538000",37
74,"541000",37
74,"551500",37
74,"601000",37
106,"680000",37
106,"779000",37
430,"007000",36
106,"018350",36
101,"034000",36
106,"038230",36
101,"078000",36
416,"089000",36
536,"099000",36
101,"100000",36
8,"130000",36
528,"137000",36
106,"137200",36
528,"145000",36
106,"164500",36
101,"184000",36
101,"210000",36
204,"214000",36
106,"217700",36
204,"218000",36
101,"244000",36
101,"245000",36
106,"267000",36
101,"343000",36
101,"401400",36
74,"464000",36
101,"485000",36
74,"489000",36
528,"490000",36
74,"508000",36
74,"558500",36
74,"6650GE",36
106,"772000",36
101,"DIG037",36
101,"007000",35
74,"010450",35
74,"028000",35
106,"038600",35
536,"041000",35
101,"051000",35
101,"054000",35
416,"084000",35
8,"094300",35
8,"101000",35
416,"109000",35
8,"110000",35
74,"121000",35
106,"126200",35
416,"149000",35
416,"153000",35
106,"156300",35
106,"156310",35
528,"162000",35
204,"256000",35
204,"279000",35
106,"312000",35
74,"319000",35
101,"353000",35
101,"359000",35
101,"389100",35
101,"412000",35
8,"587000",35
8,"599000",35
74,"614000",35
106,"627000",35
106,"699000",35
106,"792000",35
534,"887000",35
74,"005430",34
101,"018000",34
416,"057000",34
74,"082000",34
101,"085000",34
8,"150000",34
106,"170400",34
106,"170510",34
101,"177000",34
101,"186000",34
416,"187000",34
106,"187100",34
204,"209000",34
106,"284040",34
106,"286600",34
204,"292000",34
74,"446000",34
106,"461000",34
106,"464000",34
101,"487000",34
528,"488000",34
528,"503000",34
74,"540000",34
74,"572210",34
106,"610000",34
106,"620000",34
106,"622000",34
106,"672000",34
106,"773000",34
106,"801000",34
74,"826000",34
528,"936000",34
430,"022000",33
106,"031730",33
416,"044000",33
101,"052000",33
416,"082000",33
106,"123130",33
101,"130000",33
8,"141000",33
8,"149100",33
416,"150000",33
8,"158000",33
106,"170470",33
416,"191000",33
416,"20100A",33
204,"206000",33
101,"223000",33
528,"265000",33
430,"300000",33
101,"327000",33
101,"328000",33
106,"439000",33
74,"4830PB",33
74,"490120",33
416,"500000",33
74,"502100",33
74,"551800",33
106,"661000",33
106,"663000",33
106,"669000",33
106,"739000",33
106,"799000",33
74,"810200",33
536,"003000",32
106,"038700",32
536,"061000",32
536,"063000",32
536,"073000",32
74,"089140",32
416,"099000",32
8,"121000",32
101,"122000",32
528,"144000",32
106,"144100",32
8,"159000",32
74,"163000",32
106,"164440",32
204,"172000",32
106,"233000",32
204,"233000",32
106,"242000",32
416,"24400B",32
106,"257000",32
204,"270000",32
106,"283000",32
204,"297130",32
101,"352040",32
101,"421000",32
74,"424940",32
106,"457000",32
106,"482000",32
101,"493000",32
74,"502400",32
534,"551000",32
8,"645000",32
106,"702000",32
106,"760000",32
101,"039000",31
416,"051000",31
74,"068000",31
74,"089210",31
8,"129000",31
101,"144000",31
204,"157670",31
106,"162700",31
106,"164410",31
74,"165000",31
106,"169310",31
106,"169350",31
204,"170000",31
101,"172000",31
204,"176000",31
106,"236000",31
528,"246000",31
106,"256000",31
106,"261000",31
204,"262000",31
106,"264000",31
204,"265000",31
106,"284020",31
106,"287300",31
106,"287320",31
204,"288100",31
204,"288600",31
101,"302000",31
528,"302000",31
101,"371000",31
101,"380000",31
101,"418000",31
106,"427000",31
74,"431000",31
430,"432000",31
74,"465000",31
74,"473310",31
8,"497000",31
74,"551300",31
74,"554000",31
74,"594500",31
106,"632000",31
106,"651000",31
106,"668000",31
106,"734000",31
106,"738000",31
101,"DIG034",31
74,"00700B",30
74,"015200",30
536,"042000",30
536,"068000",30
536,"081000",30
74,"106000",30
416,"13200A",30
106,"132200",30
416,"138000",30
101,"150000",30
106,"157600",30
416,"164000",30
106,"164110",30
106,"169190",30
106,"169220",30
106,"169410",30
106,"169440",30
106,"169480",30
101,"187000",30
528,"205000",30
101,"241000",30
101,"252000",30
204,"259000",30
204,"267000",30
101,"275000",30
204,"284000",30
101,"296000",30
74,"362000",30
528,"389000",30
204,"400000",30
74,"473250",30
74,"473260",30
74,"494000",30
528,"496000",30
8,"652000",30
204,"669000",30
106,"700000",30
106,"733000",30
534,"863000",30
101,"DIG033",30
74,"005400",29
106,"017000",29
106,"018250",29
101,"029000",29
106,"031880",29
106,"038400",29
74,"065000",29
101,"079000",29
536,"085000",29
74,"089280",29
74,"089320",29
8,"094230",29
106,"125100",29
101,"134500",29
8,"149200",29
204,"165000",29
101,"168000",29
101,"202000",29
106,"247000",29
204,"249000",29
106,"251000",29
204,"278500",29
106,"287180",29
430,"401000",29
74,"415000",29
74,"450000",29
74,"473350",29
416,"501000",29
8,"526000",29
74,"562500",29
534,"600000",29
8,"609000",29
106,"611000",29
106,"652000",29
106,"654000",29
106,"656000",29
534,"845000",29
416,"DIG003",29
430,"004000",28
101,"010000",28
74,"015600",28
536,"036000",28
106,"038240",28
106,"038250",28
536,"057000",28
101,"060000",28
101,"080000",28
101,"087000",28
416,"094000",28
416,"101000",28
101,"105000",28
101,"108000",28
416,"137000",28
106,"147300",28
8,"151200",28
416,"15700R",28
106,"157500",28
416,"165000",28
204,"168000",28
106,"169300",28
106,"170290",28
106,"170560",28
106,"179100",28
101,"195000",28
204,"226000",28
106,"266000",28
204,"280000",28
101,"351800",28
101,"352060",28
101,"352090",28
430,"368000",28
74,"369000",28
74,"392000",28
74,"424710",28
106,"450000",28
106,"456000",28
8,"467000",28
8,"521000",28
430,"540000",28
106,"606000",28
106,"618000",28
106,"653000",28
106,"660000",28
106,"679000",28
106,"770000",28
106,"777000",28
106,"796000",28
106,"798000",28
534,"875000",28
74,"DIG002",28
204,"DIG007",28
101,"DIG030",28
106,"003000",27
74,"005370",27
74,"010900",27
74,"018000",27
101,"021000",27
416,"023000",27
106,"038350",27
101,"068000",27
101,"076000",27
536,"094000",27
8,"114600",27
106,"123120",27
528,"128000",27
106,"129100",27
416,"13400R",27
106,"155100",27
204,"157150",27
106,"169330",27
106,"169390",27
106,"170320",27
106,"170450",27
101,"205000",27
204,"211000",27
416,"216000",27
204,"219000",27
528,"227000",27
101,"243000",27
528,"266000",27
204,"271000",27
430,"289100",27
101,"294000",27
204,"297070",27
101,"342000",27
101,"350500",27
74,"356000",27
74,"38800R",27
74,"409000",27
528,"489000",27
74,"574300",27
534,"599000",27
106,"601000",27
106,"655000",27
74,"6650GD",27
106,"768000",27
106,"771000",27
534,"832000",27
8,"931000",27
101,"DIG041",27
74,"005340",26
430,"011000",26
106,"031580",26
416,"07000A",26
74,"076000",26
74,"089370",26
101,"093470",26
416,"095000",26
74,"123000",26
106,"124200",26
101,"137000",26
8,"137500",26
106,"146100",26
8,"149000",26
106,"149100",26
106,"151100",26
101,"156000",26
106,"162510",26
106,"169280",26
106,"170260",26
106,"170350",26
101,"173000",26
106,"205720",26
204,"207000",26
416,"208000",26
416,"230000",26
101,"276000",26
101,"386000",26
106,"419000",26
74,"451000",26
101,"459000",26
106,"471000",26
101,"492000",26
8,"563000",26
8,"580000",26
8,"589000",26
106,"643000",26
106,"648000",26
106,"731000",26
106,"757000",26
106,"778000",26
106,"805000",26
106,"811000",26
534,"829000",26
528,"935000",26
101,"DIG029",26
101,"DIG032",26
74,"004000",25
74,"010500",25
106,"014330",25
74,"015820",25
74,"035000",25
536,"040000",25
101,"063000",25
536,"080000",25
416,"088000",25
8,"094140",25
106,"124810",25
8,"127000",25
528,"127000",25
74,"135000",25
528,"158000",25
416,"161000",25
101,"163000",25
106,"170340",25
106,"170380",25
106,"170550",25
106,"172100",25
101,"193000",25
416,"20000A",25
106,"200300",25
101,"215000",25
416,"21900A",25
106,"223000",25
204,"241000",25
204,"272000",25
106,"286300",25
101,"306000",25
106,"316000",25
101,"330000",25
74,"4710XY",25
101,"472000",25
204,"475000",25
8,"485000",25
528,"486000",25
101,"494000",25
430,"511000",25
106,"612000",25
106,"628000",25
8,"632000",25
106,"646000",25
106,"666000",25
106,"717000",25
106,"740000",25
106,"785000",25
106,"791000",25
106,"800000",25
534,"823000",25
8,"929000",25
430,"935000",25
101,"DIG039",25
74,"003200",24
74,"005100",24
74,"00560R",24
106,"014250",24
106,"018110",24
106,"018180",24
106,"031720",24
101,"046000",24
101,"062000",24
536,"070000",24
8,"094240",24
106,"124500",24
416,"127000",24
106,"145100",24
106,"146500",24
8,"155200",24
106,"156230",24
528,"157000",24
106,"164400",24
106,"169540",24
106,"193100",24
106,"198100",24
106,"203200",24
204,"251000",24
101,"260000",24
430,"269000",24
430,"320000",24
528,"388000",24
106,"403000",24
106,"463000",24
101,"468000",24
74,"48000B",24
8,"604000",24
106,"619000",24
106,"624000",24
8,"636000",24
106,"659000",24
74,"837000",24
74,"010600",23
106,"031670",23
536,"033000",23
101,"092000",23
101,"098000",23
8,"114500",23
106,"132100",23
101,"139000",23
528,"140000",23
101,"141000",23
101,"143000",23
416,"143000",23
106,"162720",23
106,"169240",23
204,"178000",23
106,"178100",23
204,"196180",23
101,"198000",23
416,"217000",23
106,"217400",23
528,"239000",23
101,"242000",23
204,"244000",23
204,"261000",23
204,"288400",23
74,"403000",23
101,"473000",23
8,"483000",23
534,"591000",23
106,"635000",23
106,"664000",23
106,"686000",23
106,"735000",23
106,"758000",23
106,"769000",23
534,"876000",23
528,"932000",23
416,"004000",22
74,"015800",22
534,"016000",22
430,"017000",22
106,"038800",22
101,"040100",22
536,"048000",22
536,"059000",22
101,"074000",22
74,"089160",22
74,"100200",22
536,"114000",22
106,"126300",22
416,"130000",22
101,"142000",22
8,"147000",22
106,"147600",22
106,"170220",22
101,"188000",22
204,"192100",22
204,"196150",22
106,"201100",22
416,"23100B",22
101,"267000",22
101,"273000",22
101,"281000",22
204,"283000",22
106,"284010",22
430,"295000",22
204,"297060",22
101,"317000",22
101,"372000",22
430,"430000",22
8,"490000",22
430,"523000",22
534,"550000",22
534,"558000",22
8,"561000",22
8,"582000",22
8,"624000",22
8,"630000",22
106,"658000",22
74,"66500G",22
74,"66500L",22
106,"718000",22
106,"748000",22
106,"822000",22
74,"836000",22
534,"840000",22
8,"DIG010",22
106,"014210",21
106,"014500",21
536,"018700",21
106,"031340",21
106,"038280",21
416,"043000",21
101,"055000",21
74,"080000",21
101,"093070",21
8,"094130",21
8,"094310",21
101,"112000",21
106,"136100",21
101,"146000",21
204,"157870",21
416,"16800A",21
106,"169140",21
106,"169290",21
106,"169490",21
106,"169500",21
106,"170150",21
106,"170230",21
106,"170240",21
106,"170440",21
106,"175100",21
106,"184200",21
106,"192100",21
101,"194000",21
106,"194100",21
106,"211100",21
416,"21400A",21
74,"216300",21
416,"221000",21
106,"229000",21
528,"242000",21
430,"270100",21
106,"286400",21
204,"296000",21
101,"300000",21
430,"323000",21
101,"351200",21
101,"392000",21
106,"400000",21
8,"404000",21
101,"424000",21
74,"433000",21
101,"451000",21
430,"495100",21
106,"500000",21
106,"502000",21
106,"640000",21
106,"647000",21
106,"657000",21
8,"665000",21
106,"701000",21
106,"716000",21
106,"721000",21
534,"780000",21
106,"789000",21
106,"817000",21
106,"821000",21
534,"842000",21
74,"003520",20
430,"009000",20
74,"010290",20
106,"014220",20
106,"018120",20
106,"018360",20
106,"031900",20
101,"050000",20
101,"093350",20
101,"093370",20
8,"09410P",20
8,"128100",20
74,"139000",20
528,"143000",20
416,"145000",20
416,"155000",20
106,"157300",20
101,"159000",20
106,"164120",20
106,"169460",20
106,"170120",20
106,"182100",20
416,"192000",20
204,"201000",20
101,"204100",20
106,"215400",20
204,"217000",20
416,"22300A",20
101,"225000",20
204,"232000",20
106,"258000",20
528,"260000",20
106,"284050",20
106,"287170",20
106,"287270",20
204,"288200",20
204,"297100",20
528,"306000",20
101,"332000",20
74,"349000",20
101,"350200",20
106,"409000",20
74,"438000",20
8,"457000",20
106,"472000",20
74,"473220",20
8,"519000",20
8,"528000",20
534,"555000",20
74,"5680FS",20
8,"594000",20
74,"60600A",20
430,"644000",20
8,"648000",20
106,"692000",20
106,"714000",20
106,"767000",20
106,"783000",20
101,"DIG040",20
106,"002000",19
528,"003000",19
74,"005800",19
101,"013000",19
534,"013000",19
106,"031600",19
536,"066000",19
101,"070000",19
536,"072000",19
8,"116400",19
74,"122000",19
106,"124700",19
106,"137710",19
528,"139000",19
106,"148200",19
106,"155210",19
106,"157700",19
106,"162900",19
106,"166010",19
106,"166510",19
416,"16900A",19
106,"170170",19
106,"170410",19
204,"173000",19
106,"215100",19
101,"222000",19
101,"230000",19
101,"238000",19
204,"253000",19
101,"277000",19
204,"287000",19
528,"301000",19
430,"308000",19
74,"373000",19
106,"417000",19
106,"459000",19
74,"473340",19
74,"479010",19
8,"494000",19
74,"50150R",19
8,"525000",19
74,"551600",19
74,"572200",19
106,"608000",19
106,"616000",19
8,"634000",19
106,"634000",19
106,"683000",19
106,"689000",19
106,"703000",19
106,"754000",19
106,"756000",19
106,"788000",19
534,"841000",19
8,"930000",19
74,"DIG008",19
106,"001050",18
106,"014340",18
430,"015000",18
106,"031700",18
416,"046000",18
74,"072000",18
536,"084000",18
74,"089100",18
74,"089330",18
74,"089350",18
74,"089390",18
101,"093410",18
8,"094120",18
8,"094250",18
536,"102000",18
101,"104000",18
101,"106000",18
8,"115700",18
536,"120000",18
106,"124510",18
106,"128100",18
204,"155000",18
106,"156240",18
106,"157510",18
204,"157940",18
8,"161000",18
101,"162000",18
106,"164430",18
106,"166800",18
106,"190100",18
204,"194000",18
106,"205400",18
106,"205600",18
101,"271000",18
528,"272000",18
204,"282000",18
204,"289000",18
101,"299000",18
101,"321000",18
101,"354000",18
101,"403000",18
430,"407000",18
74,"411500",18
204,"433000",18
8,"441000",18
106,"447000",18
101,"465000",18
8,"481000",18
430,"486000",18
528,"487000",18
430,"494000",18
528,"50200C",18
74,"502300",18
430,"517000",18
204,"569000",18
8,"600000",18
106,"615000",18
8,"662000",18
106,"665000",18
204,"668000",18
8,"669000",18
106,"681000",18
106,"713000",18
106,"750000",18
534,"754000",18
534,"806000",18
106,"814000",18
74,"824000",18
534,"830000",18
534,"839000",18
74,"DIG007",18
204,"DIG008",18
74,"005120",17
74,"005500",17
430,"014000",17
106,"018200",17
416,"025000",17
536,"055000",17
536,"075000",17
74,"089000",17
101,"101000",17
106,"124620",17
528,"126000",17
416,"141000",17
106,"148510",17
106,"156500",17
106,"157800",17
528,"161000",17
204,"169000",17
106,"170390",17
106,"170420",17
106,"170530",17
101,"197000",17
106,"205800",17
204,"208000",17
528,"219000",17
416,"226000",17
528,"261000",17
101,"268000",17
528,"274000",17
101,"295000",17
101,"305000",17
101,"320000",17
430,"321000",17
430,"325000",17
101,"331000",17
101,"361000",17
101,"362000",17
430,"371000",17
106,"433000",17
74,"433500",17
8,"438000",17
74,"444000",17
101,"456000",17
74,"473360",17
8,"474000",17
528,"485000",17
528,"491000",17
534,"565000",17
430,"583000",17
74,"594700",17
8,"595000",17
8,"619000",17
8,"637100",17
204,"663000",17
8,"673000",17
106,"710000",17
534,"739000",17
106,"784000",17
106,"787000",17
74,"830000",17
534,"843000",17
74,"005440",16
106,"031910",16
101,"061000",16
101,"064000",16
101,"071000",16
101,"073000",16
101,"089000",16
536,"119000",16
106,"124400",16
106,"124610",16
101,"140000",16
204,"158210",16
8,"160000",16
106,"162710",16
101,"164000",16
416,"18600A",16
204,"196220",16
106,"204300",16
106,"205300",16
416,"22300B",16
101,"229000",16
204,"230700",16
101,"261000",16
430,"274100",16
204,"285000",16
106,"287190",16
101,"293000",16
430,"293000",16
528,"298000",16
101,"307000",16
101,"310000",16
430,"364000",16
430,"365000",16
528,"373000",16
528,"396000",16
74,"406000",16
106,"422000",16
106,"429000",16
106,"466000",16
528,"481000",16
8,"484000",16
106,"486000",16
74,"492000",16
430,"503000",16
430,"507000",16
430,"527000",16
430,"588000",16
8,"591000",16
106,"609000",16
106,"621000",16
106,"641000",16
534,"728000",16
534,"773000",16
106,"774000",16
8,"932000",16
528,"937000",16
106,"001250",15
74,"015690",15
106,"018240",15
106,"031110",15
106,"031430",15
106,"031690",15
416,"039000",15
416,"040000",15
101,"045000",15
416,"048000",15
416,"062000",15
536,"083000",15
416,"098000",15
8,"109000",15
8,"114000",15
74,"120000",15
101,"121000",15
8,"123000",15
8,"127600",15
106,"134200",15
101,"135000",15
101,"136000",15
106,"137500",15
106,"144710",15
106,"145500",15
416,"148000",15
8,"149300",15
101,"151000",15
106,"159100",15
74,"161000",15
106,"169380",15
106,"170140",15
106,"170520",15
416,"180000",15
106,"184300",15
204,"192260",15
204,"199000",15
106,"205310",15
204,"227000",15
204,"246000",15
416,"248000",15
101,"254000",15
430,"259000",15
101,"280000",15
204,"297090",15
430,"369000",15
106,"415000",15
106,"424000",15
74,"424770",15
101,"463100",15
74,"473110",15
106,"477000",15
8,"486000",15
528,"493000",15
430,"502000",15
74,"502200",15
204,"560000",15
74,"5770SF",15
8,"607000",15
106,"631000",15
204,"665000",15
106,"671000",15
106,"677000",15
534,"683000",15
106,"684000",15
8,"687000",15
534,"755000",15
106,"790000",15
74,"835000",15
534,"860000",15
8,"DIG012",15
8,"DIG021",15
528,"002000",14
74,"010200",14
74,"011000",14
416,"024000",14
106,"031280",14
106,"031350",14
416,"053000",14
536,"088000",14
101,"093200",14
8,"094280",14
416,"103000",14
536,"121000",14
528,"142000",14
528,"154000",14
204,"156000",14
106,"157710",14
106,"157900",14
204,"158120",14
528,"159000",14
416,"160000",14
106,"160100",14
416,"162000",14
106,"164530",14
106,"169120",14
106,"170180",14
106,"170250",14
204,"171000",14
106,"184100",14
204,"192150",14
106,"194300",14
106,"195100",14
204,"196260",14
204,"196360",14
204,"198000",14
106,"200200",14
106,"202100",14
106,"205700",14
528,"211000",14
528,"222000",14
528,"229000",14
416,"24100A",14
101,"257000",14
430,"327000",14
528,"335000",14
101,"352030",14
528,"381000",14
74,"3880PS",14
8,"403000",14
106,"404000",14
430,"428000",14
8,"450000",14
8,"470000",14
74,"473190",14
8,"480000",14
8,"482000",14
430,"484000",14
101,"488000",14
528,"497000",14
8,"506000",14
430,"569000",14
106,"603000",14
106,"623000",14
8,"651000",14
534,"653000",14
534,"654000",14
204,"662000",14
74,"66500D",14
204,"666000",14
106,"675000",14
8,"681000",14
106,"697000",14
106,"704000",14
106,"708000",14
74,"720000",14
106,"728000",14
106,"736000",14
106,"749000",14
534,"763000",14
106,"775000",14
106,"807000",14
534,"811000",14
534,"827000",14
534,"866000",14
534,"881000",14
528,"934000",14
8,"DIG001",14
74,"010270",13
106,"014130",13
106,"015050",13
101,"016000",13
430,"030000",13
536,"030000",13
106,"031680",13
106,"031740",13
536,"078000",13
101,"084000",13
101,"086000",13
416,"092000",13
101,"093240",13
101,"093260",13
416,"107000",13
101,"117000",13
106,"144700",13
106,"146510",13
528,"148000",13
106,"148520",13
106,"150100",13
106,"164420",13
106,"166500",13
204,"167000",13
106,"169160",13
106,"169470",13
106,"170360",13
101,"192000",13
204,"192120",13
416,"206000",13
416,"21300A",13
106,"216100",13
106,"217800",13
101,"249000",13
106,"287290",13
101,"290000",13
430,"331000",13
528,"392000",13
430,"403000",13
106,"458000",13
106,"467000",13
74,"468000",13
528,"495000",13
106,"496000",13
8,"505000",13
430,"513000",13
430,"539000",13
204,"544000",13
204,"551000",13
534,"554000",13
534,"559000",13
8,"586000",13
8,"613000",13
106,"638000",13
106,"662000",13
74,"66500A",13
8,"667000",13
106,"667000",13
534,"674000",13
534,"676000",13
8,"685000",13
106,"695000",13
106,"730000",13
74,"732100",13
534,"756000",13
106,"759000",13
106,"776000",13
534,"781000",13
106,"819000",13
74,"823000",13
534,"851000",13
534,"856000",13
534,"884000",13
528,"933000",13
430,"952000",13
416,"DIG002",13
106,"014230",12
106,"018230",12
416,"019000",12
106,"031380",12
106,"031940",12
528,"086000",12
536,"096000",12
536,"103000",12
106,"124800",12
106,"124830",12
416,"125000",12
528,"146000",12
106,"148500",12
528,"150000",12
204,"157680",12
106,"165010",12
106,"166700",12
106,"169200",12
106,"170430",12
106,"170460",12
106,"174100",12
106,"196100",12
204,"196210",12
101,"206000",12
106,"217200",12
416,"225000",12
416,"23100A",12
528,"243000",12
204,"243100",12
416,"24500A",12
204,"247400",12
101,"251000",12
101,"264000",12
204,"264000",12
101,"266000",12
106,"286700",12
204,"290010",12
101,"304000",12
101,"313000",12
101,"322000",12
101,"324000",12
430,"347000",12
430,"359000",12
430,"393000",12
106,"414000",12
74,"424890",12
8,"442000",12
430,"449000",12
101,"454000",12
74,"457000",12
106,"476000",12
106,"479000",12
430,"482000",12
101,"489000",12
106,"499000",12
8,"500000",12
106,"503000",12
430,"541000",12
8,"552000",12
534,"583000",12
8,"596000",12
8,"602000",12
8,"621000",12
430,"621000",12
8,"622000",12
534,"660000",12
534,"661000",12
74,"66500F",12
106,"670000",12
8,"680000",12
106,"690000",12
106,"707000",12
106,"720000",12
106,"741000",12
106,"753000",12
534,"761000",12
534,"784000",12
534,"809000",12
74,"815000",12
534,"821000",12
74,"828000",12
534,"872000",12
74,"900000",12
430,"946000",12
101,"DIG036",12
416,"002000",11
534,"010000",11
74,"010100",11
74,"010350",11
106,"014260",11
106,"018310",11
106,"031070",11
106,"031610",11
106,"031630",11
106,"031710",11
416,"042000",11
101,"067000",11
536,"074000",11
536,"077000",11
536,"079000",11
536,"089000",11
74,"089270",11
74,"089440",11
101,"093250",11
536,"095000",11
8,"103000",11
416,"115000",11
106,"124100",11
106,"144720",11
106,"146200",11
106,"150300",11
8,"151100",11
106,"154110",11
8,"157000",11
101,"161000",11
106,"162200",11
528,"164000",11
106,"166300",11
106,"170280",11
106,"170480",11
106,"170490",11
204,"177000",11
101,"189000",11
101,"190000",11
416,"19300A",11
430,"199000",11
204,"200000",11
101,"214000",11
204,"215000",11
106,"217300",11
204,"229600",11
204,"229800",11
528,"230000",11
528,"233000",11
528,"236000",11
101,"262000",11
528,"262000",11
101,"270000",11
106,"287100",11
204,"291000",11
528,"296000",11
106,"313000",11
101,"315000",11
528,"347000",11
528,"361000",11
528,"386000",11
430,"423000",11
204,"435000",11
8,"439000",11
8,"444000",11
430,"461000",11
106,"465000",11
74,"478500",11
106,"480000",11
101,"481000",11
528,"482000",11
430,"485000",11
528,"492000",11
528,"500000",11
528,"50200F",11
430,"510000",11
534,"556000",11
204,"565000",11
204,"567000",11
430,"570000",11
8,"638000",11
74,"6650GC",11
8,"668000",11
534,"670000",11
8,"675000",11
534,"743000",11
106,"751000",11
106,"752000",11
106,"803000",11
534,"859000",11
534,"862000",11
528,"930000",11
534,"DIG001",11
416,"DIG004",11
204,"DIG006",11
74,"010390",10
74,"010410",10
106,"014120",10
106,"018260",10
416,"026000",10
106,"031080",10
106,"031260",10
536,"032000",10
416,"034000",10
536,"039000",10
416,"049000",10
101,"059000",10
74,"083000",10
74,"089240",10
74,"089400",10
74,"09900A",10
8,"128300",10
101,"138000",10
106,"146300",10
106,"147200",10
106,"147610",10
8,"154000",10
101,"160000",10
106,"164200",10
101,"167000",10
106,"169520",10
106,"170100",10
106,"170300",10
106,"189100",10
204,"196310",10
106,"200100",10
106,"214200",10
106,"217100",10
528,"218000",10
204,"228300",10
204,"230200",10
101,"237000",10
528,"247000",10
430,"264000",10
106,"287280",10
106,"287340",10
204,"297080",10
204,"297120",10
204,"297150",10
528,"303000",10
430,"330000",10
101,"346000",10
101,"397000",10
101,"410000",10
74,"424720",10
74,"424860",10
430,"427000",10
430,"434000",10
8,"448000",10
101,"450100",10
106,"452000",10
430,"453000",10
430,"465000",10
8,"491000",10
430,"509000",10
8,"517000",10
430,"536000",10
8,"537000",10
204,"570000",10
74,"572100",10
74,"573100",10
8,"585000",10
430,"585000",10
534,"586000",10
106,"607000",10
204,"627000",10
204,"660000",10
534,"678000",10
106,"682000",10
534,"685000",10
106,"705000",10
106,"711000",10
534,"712000",10
534,"760000",10
106,"810000",10
534,"812000",10
534,"815000",10
534,"831000",10
534,"836000",10
534,"883000",10
204,"901000",10
74,"005900",9
106,"014050",9
106,"014280",9
74,"017800",9
106,"031050",9
106,"031090",9
106,"031130",9
106,"031250",9
536,"067000",9
101,"075000",9
536,"090000",9
416,"09300A",9
101,"093210",9
416,"114000",9
8,"122000",9
106,"124820",9
106,"131100",9
101,"131500",9
8,"132000",9
106,"133100",9
106,"137700",9
106,"139300",9
106,"144200",9
528,"149000",9
101,"155000",9
106,"156210",9
106,"156400",9
204,"157400",9
204,"157990",9
528,"160000",9
106,"164300",9
106,"169420",9
106,"169450",9
106,"186200",9
106,"188100",9
416,"190000",9
204,"193000",9
204,"196170",9
204,"196370",9
101,"200000",9
204,"205000",9
106,"205500",9
528,"214000",9
204,"228200",9
101,"253000",9
106,"255000",9
528,"264000",9
106,"284030",9
101,"289000",9
430,"329000",9
430,"391000",9
430,"398000",9
106,"401000",9
106,"402000",9
204,"407000",9
106,"438000",9
8,"445000",9
8,"446000",9
106,"473000",9
74,"473150",9
101,"486000",9
106,"487000",9
8,"498000",9
528,"498000",9
8,"499000",9
106,"501100",9
204,"514000",9
8,"530000",9
204,"553000",9
204,"568000",9
204,"573000",9
534,"573000",9
8,"584000",9
8,"590000",9
430,"607000",9
8,"614000",9
8,"628000",9
106,"633000",9
534,"663000",9
204,"664000",9
534,"665000",9
74,"66500C",9
74,"66500N",9
8,"689000",9
106,"693000",9
106,"706000",9
106,"724000",9
534,"724000",9
534,"753000",9
534,"759000",9
106,"761000",9
106,"794000",9
534,"805000",9
534,"807000",9
106,"812000",9
106,"815000",9
534,"822000",9
8,"DIG003",9
106,"DIG007",9
536,"001110",8
106,"001230",8
74,"00700A",8
74,"01000A",8
106,"014110",8
106,"014290",8
106,"018280",8
106,"031020",8
106,"031620",8
106,"031830",8
416,"036000",8
536,"058000",8
536,"062000",8
74,"089420",8
101,"093120",8
416,"09600R",8
536,"110000",8
106,"130100",8
106,"135100",8
106,"137400",8
528,"138000",8
106,"139100",8
528,"141000",8
106,"143100",8
106,"151200",8
106,"155220",8
106,"156250",8
106,"161100",8
106,"162600",8
106,"164520",8
106,"169320",8
106,"170570",8
101,"191000",8
430,"198000",8
106,"204200",8
416,"209000",8
106,"210100",8
106,"215500",8
204,"228600",8
204,"230800",8
416,"239000",8
528,"249000",8
528,"271000",8
430,"271100",8
106,"284200",8
106,"286100",8
106,"286200",8
528,"288000",8
204,"290030",8
430,"294000",8
204,"297140",8
101,"352120",8
430,"366000",8
74,"424820",8
430,"452000",8
106,"453000",8
106,"455000",8
430,"455000",8
8,"464000",8
8,"469000",8
74,"473290",8
106,"474000",8
204,"476000",8
101,"479000",8
528,"483000",8
106,"484000",8
8,"487000",8
430,"508000",8
430,"524000",8
8,"536000",8
534,"553000",8
204,"557000",8
204,"561000",8
8,"568000",8
534,"576000",8
430,"582000",8
534,"588000",8
8,"606000",8
204,"622000",8
8,"631000",8
106,"637000",8
204,"648000",8
204,"661000",8
8,"664000",8
74,"66500P",8
8,"670000",8
204,"673000",8
534,"679000",8
534,"688000",8
534,"738000",8
106,"745000",8
534,"792000",8
106,"797000",8
534,"818000",8
74,"839000",8
534,"861000",8
534,"874000",8
534,"877000",8
534,"879000",8
534,"882000",8
106,"900000",8
430,"925000",8
416,"001000",7
106,"001170",7
106,"001260",7
74,"005140",7
74,"005470",7
74,"010220",7
106,"014240",7
534,"015000",7
106,"018130",7
106,"018150",7
106,"018270",7
106,"018290",7
416,"031000",7
106,"031010",7
106,"031120",7
106,"031360",7
106,"031420",7
106,"031820",7
106,"031840",7
416,"047000",7
536,"055300",7
74,"089290",7
74,"089410",7
101,"093110",7
101,"093400",7
101,"107000",7
536,"111000",7
8,"127500",7
106,"137300",7
430,"139000",7
106,"144300",7
106,"144400",7
106,"154300",7
106,"155200",7
416,"156000",7
106,"156220",7
106,"157400",7
204,"157440",7
416,"158000",7
204,"166000",7
106,"169400",7
106,"169550",7
106,"170540",7
204,"204000",7
416,"21200A",7
528,"220000",7
204,"223000",7
204,"228500",7
430,"257000",7
528,"270000",7
430,"275100",7
106,"287160",7
204,"288300",7
204,"290150",7
528,"304000",7
528,"307000",7
101,"309000",7
101,"314000",7
430,"322000",7
430,"328000",7
101,"339000",7
101,"351700",7
101,"352130",7
8,"405000",7
204,"420000",7
430,"420000",7
106,"430000",7
106,"446000",7
101,"458000",7
101,"460000",7
106,"460000",7
101,"461000",7
430,"463000",7
528,"494000",7
8,"502000",7
8,"504000",7
8,"513000",7
204,"515000",7
74,"551700",7
204,"555000",7
534,"562000",7
430,"564000",7
74,"573110",7
430,"574000",7
534,"575000",7
204,"600000",7
106,"602000",7
106,"629000",7
430,"641000",7
430,"642000",7
534,"671000",7
8,"695000",7
8,"696000",7
106,"709000",7
106,"719000",7
106,"722000",7
534,"722000",7
106,"732000",7
106,"755000",7
106,"763000",7
534,"771000",7
534,"801000",7
106,"802000",7
534,"814000",7
534,"819000",7
534,"820000",7
106,"823000",7
74,"825000",7
534,"833000",7
534,"858000",7
534,"864000",7
534,"871000",7
430,"930000",7
430,"959000",7
106,"001220",6
106,"001270",6
430,"003000",6
74,"00560C",6
536,"006300",6
534,"011000",6
430,"012000",6
106,"014270",6
106,"014440",6
416,"018000",6
106,"018170",6
106,"018330",6
106,"018340",6
536,"020000",6
106,"031030",6
106,"031060",6
106,"031160",6
106,"031200",6
106,"031370",6
106,"031960",6
536,"043000",6
101,"082000",6
101,"093130",6
416,"106000",6
101,"134000",6
106,"139200",6
106,"140300",6
101,"145000",6
106,"145200",6
416,"14600A",6
106,"146400",6
106,"147400",6
528,"151000",6
8,"152000",6
528,"152000",6
416,"154000",6
106,"154400",6
416,"15700A",6
204,"157600",6
204,"157630",6
204,"157900",6
204,"157930",6
106,"162800",6
101,"166000",6
106,"169110",6
106,"169360",6
106,"169530",6
106,"170370",6
106,"181100",6
8,"185000",6
106,"186100",6
8,"189000",6
204,"192270",6
101,"196000",6
204,"196160",6
416,"22900A",6
204,"229400",6
204,"229500",6
204,"254000",6
204,"255000",6
430,"256000",6
101,"258000",6
101,"263000",6
430,"291000",6
528,"299000",6
101,"325000",6
528,"336000",6
430,"350000",6
101,"351600",6
430,"375000",6
528,"397000",6
8,"400000",6
8,"406000",6
528,"422000",6
8,"425000",6
106,"428000",6
8,"440000",6
106,"444000",6
106,"454000",6
101,"457000",6
101,"462000",6
106,"462000",6
101,"469000",6
8,"475000",6
430,"475000",6
8,"477000",6
106,"493000",6
204,"513000",6
204,"518000",6
8,"522000",6
8,"527000",6
430,"530000",6
430,"556000",6
204,"562000",6
74,"572110",6
8,"576000",6
534,"590000",6
534,"596000",6
8,"597000",6
430,"616000",6
204,"672000",6
204,"674000",6
534,"675000",6
534,"677000",6
8,"682000",6
8,"683000",6
106,"691000",6
106,"696000",6
534,"709000",6
534,"713000",6
534,"720000",6
534,"725000",6
74,"730100",6
534,"737000",6
534,"742000",6
106,"743000",6
106,"747000",6
106,"765000",6
534,"785000",6
106,"804000",6
534,"808000",6
74,"819000",6
534,"825000",6
534,"826000",6
534,"828000",6
534,"857000",6
534,"873000",6
534,"878000",6
430,"961000",6
106,"DIG001",6
416,"DIG006",6
204,"DIG009",6
74,"DIG010",6
8,"DIG015",6
101,"DIG043",6
106,"001120",5
74,"005950",5
74,"00700D",5
74,"010150",5
101,"014000",5
106,"014150",5
106,"014350",5
106,"014380",5
430,"018000",5
106,"018220",5
106,"018300",5
416,"021000",5
416,"027000",5
106,"031140",5
106,"031270",5
106,"031320",5
106,"031390",5
106,"031400",5
106,"031570",5
101,"081000",5
74,"08400S",5
74,"089260",5
101,"093010",5
101,"093080",5
101,"093190",5
101,"093310",5
101,"093330",5
8,"09410D",5
74,"097200",5
536,"124000",5
536,"128000",5
106,"138100",5
106,"145300",5
106,"148300",5
106,"154200",5
204,"157460",5
204,"157790",5
204,"157950",5
528,"163000",5
106,"166100",5
106,"166400",5
106,"166810",5
106,"169130",5
106,"169210",5
528,"171000",5
528,"176000",5
106,"180100",5
8,"181000",5
204,"192380",5
106,"194200",5
8,"196000",5
204,"196060",5
204,"196200",5
204,"196230",5
106,"205200",5
106,"207100",5
106,"209100",5
416,"21000A",5
106,"217600",5
204,"230300",5
430,"252000",5
101,"259000",5
106,"284300",5
204,"286100",5
106,"286800",5
204,"290110",5
528,"293000",5
204,"297050",5
204,"297110",5
204,"298090",5
430,"305000",5
430,"353000",5
528,"354000",5
430,"390000",5
430,"406000",5
8,"416000",5
430,"418000",5
430,"421000",5
430,"424000",5
106,"437000",5
106,"441000",5
430,"451000",5
101,"452000",5
8,"455000",5
8,"459000",5
8,"465000",5
430,"466000",5
101,"470000",5
106,"470000",5
74,"473120",5
74,"473170",5
74,"473280",5
106,"475000",5
204,"483000",5
74,"48300K",5
430,"487000",5
106,"488000",5
8,"496000",5
8,"501000",5
528,"50200R",5
430,"514000",5
204,"543000",5
8,"550000",5
430,"559000",5
8,"560000",5
534,"561000",5
8,"562000",5
74,"573130",5
74,"574100",5
8,"577000",5
534,"580000",5
430,"584000",5
534,"584000",5
534,"587000",5
8,"588000",5
8,"592000",5
534,"602000",5
8,"612000",5
430,"617000",5
204,"623000",5
8,"633000",5
534,"666000",5
8,"671000",5
534,"672000",5
8,"674000",5
534,"680000",5
534,"681000",5
534,"684000",5
106,"694000",5
534,"707000",5
106,"715000",5
106,"725000",5
534,"732000",5
74,"733100",5
106,"746000",5
106,"764000",5
534,"764000",5
534,"778000",5
106,"786000",5
534,"795000",5
534,"797000",5
74,"814000",5
74,"827000",5
534,"837000",5
534,"838000",5
534,"850000",5
534,"869000",5
430,"966000",5
430,"967000",5
8,"DIG014",5
106,"001130",4
536,"004100",4
74,"00560D",4
74,"010310",4
534,"012000",4
106,"014410",4
536,"031000",4
106,"031310",4
106,"031410",4
106,"031510",4
106,"031530",4
106,"031640",4
106,"031750",4
536,"044000",4
74,"089250",4
536,"093000",4
101,"093290",4
536,"098000",4
528,"107000",4
536,"108000",4
8,"115560",4
536,"117000",4
536,"122000",4
528,"125000",4
8,"127100",4
416,"13400A",4
106,"137600",4
430,"138000",4
106,"142100",4
106,"147500",4
8,"148000",4
106,"148400",4
106,"158100",4
204,"158200",4
106,"166200",4
106,"166310",4
106,"166410",4
106,"166520",4
106,"166600",4
106,"169100",4
430,"171000",4
204,"174000",4
204,"175000",4
430,"183000",4
106,"183100",4
8,"184000",4
8,"188000",4
528,"192000",4
204,"196190",4
106,"200400",4
528,"206000",4
106,"207500",4
528,"210000",4
106,"213100",4
204,"228100",4
204,"229200",4
204,"229700",4
528,"245500",4
416,"24700A",4
528,"248000",4
528,"252000",4
101,"255000",4
528,"268000",4
106,"284400",4
106,"287250",4
204,"298020",4
528,"300000",4
430,"304000",4
528,"310000",4
101,"323000",4
101,"326000",4
528,"328000",4
528,"341000",4
528,"343000",4
528,"345000",4
528,"346000",4
528,"349000",4
101,"350400",4
430,"358000",4
430,"374000",4
528,"374000",4
528,"382000",4
528,"383000",4
528,"384000",4
528,"385000",4
528,"390000",4
430,"399000",4
430,"404000",4
106,"407000",4
430,"413000",4
74,"424760",4
74,"424870",4
74,"424900",4
74,"424920",4
74,"424950",4
528,"425000",4
106,"426000",4
106,"431000",4
204,"434000",4
106,"435000",4
8,"437000",4
106,"442000",4
106,"443000",4
430,"458000",4
8,"463000",4
106,"468000",4
74,"473320",4
74,"473370",4
8,"479000",4
101,"480000",4
101,"484000",4
430,"490000",4
106,"491000",4
204,"491000",4
204,"492000",4
8,"493000",4
106,"505000",4
430,"528000",4
430,"533000",4
204,"542000",4
430,"542000",4
8,"557000",4
534,"557000",4
430,"560000",4
534,"566000",4
430,"578000",4
534,"579000",4
8,"593000",4
534,"593000",4
430,"599000",4
8,"601000",4
8,"605000",4
8,"608000",4
430,"611000",4
8,"620000",4
204,"624000",4
430,"631000",4
8,"642000",4
8,"644000",4
106,"644000",4
74,"655000",4
8,"658000",4
534,"662000",4
106,"673000",4
534,"694000",4
534,"719000",4
106,"723000",4
534,"745000",4
534,"746000",4
106,"766000",4
534,"770000",4
534,"779000",4
534,"790000",4
534,"800000",4
106,"809000",4
534,"813000",4
534,"816000",4
74,"821000",4
534,"824000",4
534,"834000",4
534,"855000",4
534,"865000",4
534,"870000",4
430,"905000",4
8,"908000",4
430,"940000",4
430,"941000",4
430,"950000",4
106,"DIG002",4
204,"DIG003",4
74,"DIG005",4
204,"DIG005",4
8,"DIG016",4
106,"001110",3
106,"001180",3
106,"001280",3
416,"003000",3
74,"005410",3
536,"006000",3
536,"006100",3
106,"014140",3
106,"014180",3
106,"014370",3
106,"014450",3
101,"015000",3
430,"016000",3
536,"017700",3
536,"018100",3
536,"018200",3
536,"026700",3
416,"030000",3
106,"031240",3
106,"031290",3
416,"035000",3
416,"037000",3
416,"045000",3
536,"054000",3
536,"086000",3
74,"089310",3
74,"089360",3
536,"091000",3
536,"092000",3
101,"093150",3
101,"093430",3
416,"09700R",3
536,"106000",3
536,"107000",3
536,"115000",3
8,"115680",3
536,"123100",3
106,"124300",3
106,"140100",3
106,"145400",3
430,"149000",3
204,"157420",3
204,"157470",3
204,"157500",3
204,"157620",3
204,"157690",3
204,"158140",3
528,"166000",3
106,"166420",3
528,"167000",3
106,"169170",3
106,"170110",3
106,"170190",3
430,"178000",3
430,"180000",3
8,"182000",3
106,"191100",3
528,"193000",3
528,"194000",3
204,"196010",3
204,"196050",3
204,"196140",3
204,"196270",3
204,"196300",3
416,"19800A",3
106,"205100",3
528,"208000",3
106,"214100",3
528,"215000",3
528,"225000",3
528,"235000",3
528,"238000",3
416,"24100B",3
528,"251000",3
430,"258000",3
430,"272100",3
528,"275000",3
430,"278100",3
430,"279100",3
106,"287200",3
204,"290140",3
528,"291000",3
430,"292000",3
528,"292000",3
528,"295300",3
204,"297020",3
204,"298110",3
204,"298120",3
204,"298280",3
430,"324000",3
528,"332000",3
430,"348000",3
101,"350600",3
430,"351000",3
101,"352100",3
430,"355000",3
528,"363000",3
528,"364000",3
528,"367000",3
430,"376000",3
430,"379000",3
430,"381000",3
430,"383000",3
528,"387000",3
430,"395000",3
204,"402000",3
106,"405000",3
204,"405000",3
528,"405000",3
8,"424000",3
74,"424730",3
74,"424740",3
430,"429000",3
430,"435000",3
106,"440000",3
204,"450000",3
101,"453000",3
8,"454000",3
8,"456000",3
8,"458000",3
8,"461000",3
8,"462000",3
106,"469000",3
74,"473130",3
74,"473180",3
74,"473200",3
8,"476000",3
101,"476000",3
430,"476000",3
101,"477000",3
106,"483000",3
204,"489000",3
430,"500000",3
74,"50150H",3
528,"50200A",3
528,"50200B",3
430,"505000",3
8,"520000",3
430,"525000",3
430,"529000",3
8,"554000",3
430,"558000",3
8,"559000",3
204,"564000",3
74,"56800M",3
534,"572000",3
8,"573000",3
430,"576000",3
430,"580000",3
430,"586000",3
430,"592000",3
430,"603000",3
106,"604000",3
430,"606000",3
430,"614000",3
534,"640000",3
106,"642000",3
534,"644000",3
204,"649000",3
534,"649000",3
534,"658000",3
8,"672000",3
534,"673000",3
106,"678000",3
534,"689000",3
534,"692000",3
534,"700000",3
534,"706000",3
534,"710000",3
534,"718000",3
534,"721000",3
534,"730000",3
74,"731100",3
534,"747000",3
534,"750000",3
534,"757000",3
534,"762000",3
106,"781000",3
534,"782000",3
534,"787000",3
534,"788000",3
534,"793000",3
534,"794000",3
106,"808000",3
534,"810000",3
106,"816000",3
534,"817000",3
534,"844000",3
534,"880000",3
204,"900000",3
430,"907000",3
8,"911000",3
8,"938000",3
430,"939000",3
430,"954000",3
430,"965000",3
74,"DIG003",3
534,"DIG003",3
74,"DIG004",3
534,"DIG004",3
106,"001160",2
106,"001210",2
106,"001240",2
106,"001290",2
74,"00500F",2
74,"005450",2
74,"00560A",2
74,"00560B",2
430,"008000",2
528,"010000",2
430,"013000",2
534,"014000",2
106,"014310",2
106,"014360",2
106,"014420",2
536,"017100",2
106,"018140",2
106,"018160",2
106,"018320",2
528,"026000",2
536,"026710",2
536,"026800",2
536,"027600",2
536,"027810",2
536,"029100",2
536,"029130",2
430,"031000",2
106,"031100",2
106,"031150",2
106,"031550",2
106,"031650",2
106,"031850",2
536,"045000",2
536,"046000",2
528,"050000",2
430,"053000",2
74,"089340",2
101,"093220",2
101,"093270",2
536,"097000",2
416,"102000",2
416,"104000",2
536,"104000",2
430,"105000",2
528,"106000",2
8,"115650",2
536,"116000",2
536,"118000",2
106,"127100",2
8,"127510",2
106,"144500",2
106,"144600",2
430,"146000",2
430,"147000",2
430,"157000",2
204,"157480",2
204,"157750",2
204,"157880",2
204,"157890",2
430,"163000",2
430,"168000",2
430,"169000",2
106,"169570",2
430,"170000",2
106,"170130",2
106,"170200",2
528,"174000",2
430,"177000",2
106,"177100",2
430,"193000",2
8,"194000",2
8,"195000",2
528,"195000",2
204,"196020",2
204,"196320",2
204,"196350",2
204,"196380",2
416,"19700C",2
106,"199100",2
430,"200000",2
430,"202000",2
416,"20400A",2
430,"206000",2
106,"207400",2
528,"209000",2
430,"213000",2
106,"215300",2
528,"217000",2
528,"223000",2
528,"228000",2
204,"228400",2
204,"228700",2
204,"228900",2
528,"240000",2
430,"261000",2
430,"263000",2
528,"263000",2
430,"265000",2
528,"277000",2
528,"280000",2
430,"281100",2
528,"282000",2
528,"286000",2
106,"287110",2
106,"287220",2
204,"288500",2
204,"290080",2
204,"290120",2
204,"298410",2
101,"303000",2
101,"308000",2
528,"308800",2
528,"323000",2
74,"33600B",2
528,"337000",2
528,"342000",2
430,"346000",2
528,"348000",2
101,"352110",2
430,"360000",2
528,"362000",2
430,"363000",2
528,"368000",2
430,"388000",2
528,"395000",2
430,"397000",2
430,"400000",2
204,"403010",2
204,"404000",2
204,"406000",2
8,"407000",2
8,"408000",2
204,"408000",2
204,"409000",2
430,"419000",2
430,"422000",2
74,"424840",2
74,"424910",2
74,"424930",2
8,"431000",2
204,"431000",2
430,"433000",2
8,"435000",2
430,"441000",2
430,"442000",2
8,"447000",2
430,"448000",2
8,"453000",2
430,"454000",2
430,"456000",2
8,"471000",2
204,"471000",2
8,"473000",2
74,"473270",2
101,"478000",2
430,"478000",2
204,"479000",2
528,"480000",2
430,"483000",2
106,"485000",2
8,"488000",2
430,"488000",2
8,"489000",2
430,"489000",2
204,"490000",2
74,"490100",2
74,"490110",2
8,"492000",2
430,"492000",2
430,"493000",2
528,"50200D",2
106,"506000",2
430,"506000",2
204,"507000",2
8,"538000",2
8,"541000",2
8,"543000",2
8,"551000",2
430,"552000",2
204,"554000",2
8,"555000",2
204,"558000",2
534,"560000",2
430,"561000",2
534,"564000",2
8,"565000",2
534,"567000",2
74,"56800T",2
8,"569000",2
534,"569000",2
8,"571000",2
204,"571000",2
534,"571000",2
204,"572000",2
430,"572000",2
8,"574000",2
74,"57900F",2
430,"581000",2
8,"583000",2
534,"585000",2
430,"591000",2
534,"594000",2
430,"595000",2
534,"595000",2
430,"600000",2
106,"605000",2
534,"605000",2
430,"613000",2
8,"616000",2
534,"617000",2
430,"618000",2
430,"619000",2
430,"620000",2
204,"639000",2
430,"639000",2
8,"640000",2
430,"640000",2
534,"651000",2
534,"655000",2
534,"656000",2
8,"659000",2
74,"66500M",2
534,"669000",2
8,"679000",2
534,"686000",2
8,"691000",2
534,"703000",2
534,"705000",2
534,"714000",2
534,"716000",2
534,"717000",2
106,"729000",2
534,"731000",2
534,"744000",2
106,"762000",2
534,"772000",2
534,"783000",2
534,"796000",2
534,"798000",2
534,"804000",2
74,"818000",2
106,"818000",2
534,"835000",2
534,"847000",2
534,"852000",2
534,"853000",2
106,"901000",2
204,"903000",2
204,"905000",2
8,"910000",2
204,"912000",2
8,"920000",2
430,"932000",2
8,"933000",2
430,"936000",2
430,"942000",2
430,"949000",2
74,"DIG001",2
8,"DIG008",2
74,"DIG009",2
101,"DIG044",2
101,"DIG048",2
430,"001000",1
106,"001140",1
74,"005460",1
74,"00560E",1
536,"008000",1
528,"009000",1
430,"010000",1
74,"010330",1
74,"010370",1
106,"014160",1
536,"015000",1
536,"016800",1
106,"018210",1
416,"02000A",1
430,"021000",1
74,"02200A",1
536,"022100",1
430,"023000",1
528,"025000",1
536,"025320",1
536,"025600",1
536,"026100",1
536,"027100",1
536,"028500",1
536,"028530",1
536,"028540",1
528,"030000",1
528,"031000",1
106,"031040",1
106,"031170",1
106,"031470",1
106,"031560",1
106,"031760",1
106,"031780",1
106,"031800",1
106,"031870",1
106,"031920",1
106,"031970",1
430,"032000",1
416,"033000",1
536,"034000",1
536,"047000",1
430,"048000",1
536,"049000",1
536,"050000",1
430,"052000",1
528,"052000",1
536,"052000",1
536,"053000",1
430,"061000",1
528,"064000",1
528,"065000",1
430,"071000",1
430,"083000",1
430,"084000",1
528,"087000",1
536,"087000",1
528,"088000",1
74,"089300",1
528,"090000",1
101,"093020",1
101,"093040",1
101,"093060",1
101,"093140",1
101,"093170",1
101,"093180",1
101,"093280",1
101,"093300",1
101,"093380",1
101,"093390",1
101,"093420",1
8,"09419C",1
416,"09600A",1
528,"099000",1
528,"100000",1
528,"105000",1
536,"112000",1
8,"115620",1
8,"115690",1
536,"123000",1
430,"123500",1
536,"126000",1
536,"127000",1
106,"140200",1
430,"150000",1
106,"150200",1
430,"153000",1
430,"154000",1
430,"155000",1
416,"15700B",1
204,"157430",1
204,"157450",1
204,"157510",1
204,"157650",1
204,"157730",1
204,"157820",1
204,"157910",1
204,"157920",1
204,"157980",1
204,"158100",1
430,"162000",1
106,"162810",1
430,"165000",1
430,"166000",1
106,"166430",1
106,"166820",1
528,"168000",1
528,"169000",1
106,"173010",1
528,"175000",1
430,"176000",1
106,"176100",1
528,"179000",1
528,"183000",1
106,"185100",1
430,"188000",1
528,"188000",1
8,"192000",1
204,"192320",1
204,"192350",1
528,"196000",1
204,"196100",1
204,"196340",1
106,"197010",1
430,"201000",1
528,"204000",1
430,"205000",1
528,"207000",1
106,"207300",1
106,"208100",1
430,"211000",1
106,"212100",1
430,"214000",1
430,"222000",1
204,"22400M",1
528,"226000",1
430,"228000",1
204,"228800",1
204,"229100",1
204,"229900",1
430,"235000",1
528,"237000",1
430,"238000",1
528,"241000",1
430,"244000",1
528,"244000",1
430,"253000",1
528,"253000",1
430,"254000",1
528,"254000",1
528,"256000",1
528,"257000",1
430,"260000",1
430,"262000",1
101,"265000",1
430,"266000",1
528,"267000",1
430,"268000",1
528,"276000",1
430,"277100",1
430,"280100",1
528,"281000",1
106,"284100",1
430,"286100",1
106,"287120",1
106,"287130",1
106,"287210",1
430,"290000",1
204,"290020",1
204,"290050",1
204,"290070",1
204,"290130",1
528,"294000",1
528,"295000",1
430,"296000",1
430,"297000",1
204,"297010",1
204,"298030",1
204,"298050",1
204,"298080",1
204,"298140",1
204,"298150",1
204,"298240",1
204,"298310",1
430,"303000",1
528,"305000",1
528,"308300",1
528,"308500",1
528,"308700",1
528,"309100",1
430,"311000",1
101,"312000",1
528,"312000",1
528,"316000",1
528,"321000",1
528,"326000",1
430,"338000",1
528,"338000",1
430,"339000",1
528,"339000",1
528,"339300",1
528,"339500",1
430,"340000",1
528,"340000",1
430,"341000",1
430,"342000",1
528,"344000",1
430,"349000",1
101,"352020",1
430,"354000",1
430,"361000",1
528,"369000",1
430,"372000",1
430,"373000",1
528,"375000",1
528,"376000",1
430,"384000",1
430,"392000",1
528,"394000",1
528,"399000",1
528,"400000",1
8,"401000",1
204,"401000",1
528,"402000",1
528,"403000",1
430,"405000",1
528,"406000",1
528,"408000",1
528,"409000",1
8,"410000",1
8,"411000",1
528,"412000",1
204,"414000",1
430,"414000",1
106,"416000",1
204,"416000",1
430,"416000",1
528,"416000",1
528,"417000",1
106,"418000",1
8,"421000",1
8,"423000",1
74,"424810",1
74,"424850",1
74,"424960",1
204,"425000",1
8,"426000",1
430,"426000",1
8,"429000",1
8,"432000",1
8,"433000",1
106,"434000",1
430,"436000",1
430,"440000",1
430,"443000",1
430,"444000",1
106,"445000",1
430,"447000",1
106,"448000",1
8,"451000",1
8,"452000",1
101,"455000",1
8,"460000",1
430,"464000",1
8,"468000",1
430,"469000",1
430,"470000",1
101,"471000",1
430,"471000",1
430,"473000",1
430,"474000",1
430,"477000",1
430,"479000",1
204,"480000",1
430,"481000",1
101,"482000",1
74,"48400H",1
106,"489000",1
74,"490070",1
106,"492000",1
204,"493000",1
204,"495000",1
204,"496000",1
106,"498000",1
204,"499000",1
528,"50200E",1
8,"503000",1
204,"508000",1
204,"509000",1
204,"510000",1
204,"512000",1
430,"512000",1
8,"514000",1
74,"51500E",1
204,"516000",1
430,"516000",1
430,"518000",1
430,"519000",1
204,"520000",1
430,"520000",1
430,"522000",1
430,"526000",1
8,"540000",1
204,"541000",1
430,"543000",1
204,"545000",1
8,"548000",1
430,"548000",1
204,"549000",1
430,"549000",1
204,"550000",1
430,"550000",1
204,"556000",1
8,"558000",1
204,"559000",1
430,"563000",1
534,"563000",1
8,"566000",1
430,"566000",1
430,"567000",1
534,"570000",1
8,"572000",1
8,"575000",1
430,"575000",1
534,"582000",1
430,"587000",1
534,"589000",1
534,"598000",1
8,"603000",1
430,"604000",1
430,"605000",1
534,"607000",1
430,"608000",1
204,"625000",1
8,"627000",1
430,"627000",1
204,"629000",1
106,"630000",1
430,"633000",1
534,"635000",1
106,"636000",1
534,"636000",1
430,"637000",1
534,"637000",1
8,"639000",1
106,"639000",1
8,"641000",1
8,"643000",1
534,"643000",1
534,"645000",1
534,"646000",1
204,"647000",1
204,"650000",1
534,"650000",1
8,"655000",1
534,"657000",1
534,"659000",1
8,"663000",1
534,"664000",1
74,"66500E",1
534,"667000",1
534,"668000",1
8,"676000",1
8,"678000",1
534,"682000",1
8,"684000",1
534,"687000",1
8,"690000",1
534,"690000",1
534,"691000",1
8,"692000",1
8,"693000",1
534,"693000",1
534,"699000",1
534,"701000",1
534,"708000",1
74,"718000",1
534,"723000",1
106,"727000",1
534,"727000",1
534,"729000",1
534,"735000",1
534,"740000",1
534,"741000",1
106,"742000",1
106,"744000",1
534,"751000",1
534,"752000",1
534,"758000",1
534,"766000",1
534,"768000",1
534,"769000",1
534,"774000",1
534,"775000",1
534,"777000",1
534,"786000",1
534,"789000",1
534,"799000",1
534,"802000",1
534,"803000",1
534,"846000",1
534,"854000",1
534,"868000",1
534,"885000",1
534,"886000",1
8,"901000",1
204,"904000",1
204,"907000",1
8,"909000",1
430,"909000",1
8,"912000",1
8,"913000",1
204,"913000",1
8,"915000",1
8,"922000",1
430,"931000",1
8,"934000",1
8,"935000",1
8,"936000",1
8,"937000",1
430,"938000",1
430,"944000",1
430,"962000",1
430,"963000",1
204,"DIG004",1
8,"DIG006",1
534,"DIG007",1
8,"DIG011",1
74,"DIG011",1
101,"DIG045",1
101,"DIG046",1
106,"001150",0
106,"001190",0
536,"005000",0
536,"006200",0
536,"017200",0
536,"018500",0
536,"018600",0
430,"019000",0
536,"026140",0
536,"026210",0
536,"026240",0
536,"026260",0
536,"026730",0
536,"026740",0
536,"027110",0
536,"027120",0
536,"028100",0
416,"029000",0
528,"029000",0
536,"029120",0
106,"031190",0
106,"031330",0
106,"031460",0
106,"031520",0
106,"031540",0
106,"031770",0
430,"064000",0
430,"065000",0
528,"092000",0
101,"093480",0
528,"095000",0
536,"105000",0
528,"109000",0
8,"115520",0
8,"115660",0
528,"121000",0
528,"122000",0
536,"123130",0
528,"124000",0
430,"141000",0
430,"142000",0
430,"148000",0
430,"151000",0
204,"157490",0
204,"157700",0
204,"157710",0
204,"157780",0
204,"157850",0
204,"157970",0
430,"158000",0
430,"159000",0
430,"161000",0
106,"162820",0
430,"172000",0
528,"172000",0
430,"173000",0
528,"173000",0
430,"175000",0
430,"179000",0
430,"181000",0
430,"182000",0
8,"183000",0
430,"185000",0
430,"187000",0
430,"189000",0
8,"190000",0
8,"191000",0
430,"191000",0
430,"192000",0
204,"192130",0
204,"192140",0
204,"192180",0
204,"192210",0
204,"192220",0
204,"192300",0
430,"194000",0
430,"195000",0
430,"196000",0
430,"197000",0
528,"202000",0
430,"204000",0
106,"217500",0
430,"224000",0
430,"227000",0
430,"234000",0
528,"234000",0
430,"236000",0
528,"250000",0
528,"290000",0
204,"290060",0
528,"297000",0
204,"298060",0
204,"298160",0
430,"299000",0
430,"315000",0
528,"317000",0
430,"333000",0
430,"334000",0
430,"336000",0
430,"337000",0
430,"344000",0
101,"351400",0
101,"352050",0
528,"359000",0
528,"366000",0
430,"377000",0
430,"380000",0
528,"380000",0
430,"386000",0
528,"391000",0
528,"398000",0
528,"407000",0
8,"412000",0
204,"412000",0
106,"413000",0
204,"413000",0
8,"414000",0
430,"415000",0
430,"417000",0
528,"418000",0
528,"421000",0
528,"423000",0
528,"424000",0
430,"425000",0
430,"431000",0
430,"438000",0
430,"439000",0
430,"445000",0
430,"446000",0
430,"450000",0
430,"462000",0
8,"466000",0
430,"467000",0
204,"477000",0
528,"484000",0
204,"486000",0
430,"491000",0
430,"497000",0
430,"504000",0
8,"509000",0
430,"515000",0
204,"517000",0
8,"533000",0
430,"534000",0
430,"537000",0
8,"539000",0
204,"539000",0
8,"542000",0
8,"544000",0
8,"546000",0
534,"552000",0
430,"554000",0
8,"556000",0
430,"565000",0
430,"571000",0
74,"573120",0
430,"577000",0
534,"577000",0
534,"578000",0
430,"590000",0
534,"592000",0
430,"594000",0
430,"598000",0
534,"601000",0
430,"602000",0
534,"603000",0
534,"604000",0
534,"606000",0
534,"609000",0
8,"610000",0
534,"610000",0
534,"611000",0
534,"612000",0
534,"613000",0
534,"614000",0
430,"615000",0
534,"615000",0
534,"616000",0
534,"619000",0
534,"622000",0
430,"623000",0
430,"628000",0
534,"630000",0
534,"632000",0
534,"633000",0
534,"634000",0
430,"636000",0
534,"638000",0
204,"640000",0
534,"641000",0
534,"642000",0
430,"643000",0
8,"654000",0
8,"661000",0
8,"677000",0
8,"686000",0
8,"694000",0
534,"695000",0
534,"696000",0
534,"697000",0
534,"698000",0
534,"702000",0
534,"704000",0
534,"711000",0
534,"715000",0
534,"733000",0
534,"734000",0
534,"748000",0
534,"749000",0
534,"765000",0
534,"767000",0
534,"791000",0
106,"806000",0
534,"848000",0
534,"849000",0
534,"867000",0
8,"900000",0
8,"904000",0
8,"907000",0
204,"911000",0
204,"914000",0
8,"916000",0
430,"919000",0
430,"926000",0
8,"927000",0
430,"928000",0
430,"943000",0
430,"955000",0
534,"DIG006",0
534,"DIG008",0
8,"DIG013",0
8,"DIG017",0
